,sentence,label
0,"wodaeeex3: I Want Snake Bites , MY Industrial Piercin  A TattooDem hoe accessories dea",Offensive
1,What a wonderful thought it is that some of the best days of our lives havent happened yet.,Non-Offensive
2,VineForTheByrd: On my way to fuck your bitch LMFAO KITTYCOPTER,Offensive
3,__sneakyb: I hate when boys deny that they have bitches smh,Offensive
4,Love yourself. It is important to stay positive because beauty comes from the inside out.,Non-Offensive
5,"A creative man is motivated by the desire to achieve, not by the desire to beat others.",Non-Offensive
6,He a bitch for hitting that hoe,Offensive
7,lildurk_: I can turn yo bitch into a eaterrrrrrrrr,Offensive
8,Eat the pussy like a real nigga hungry,Offensive
9,It is the mark of an educated mind to be able to entertain a thought without accepting it,Non-Offensive
10,It is during our darkest moments that we must focus to see the light.,Non-Offensive
11,Why would I want to play with some pussy? - jimmyfallon *DEAD*,Offensive
12,I say luck is when an opportunity comes along and you are prepared for it.,Non-Offensive
13,The struggle youre in today is developing the strength you need for tomorrow.,Non-Offensive
14,TweetGameLazy: I can ride your bitch with no handle bars,Offensive
15,"Life is too short to wake up with regrets, so love the people who treat you right, forget about those who dont believe. Everything happens for a reason, if you get a chance, take it. If it changes your life, let it. Nobody said life would be easy they just promised most likely be worth it.The sun himself is weak when he first rises, and gathers strength and courage as the day sets on.",Non-Offensive
16,jama_jam: You bitches be pretending to be TF crazy.. You ain't never lied...,Offensive
17,"Wishing your dreams begin to come true, and every tomorrow be happy for you.",Non-Offensive
18,This is for my ghetto motherfuckers -Missy Elliott,Offensive
19,"I heard you was looking for Candy Man, bitch",Offensive
20,"chieflottahoes: In D.C., we call them rollers, in Chiraq we call them thots. All across America they have been known as a hoe.",Offensive
21,I will fuck u where u stand. U dizzy bitch. Two unique  separate phrases I overheard a relative saying when I was younger.,Offensive
22,Why would you want pussy on your side burns?.. Thats a good question _hy0ung hahahahaha ,Offensive
23,sierrabernia: T2G_CincoKilby: Y'all think celebrity pussy different from the locals?  yeah Meghan goods is,Offensive
24,Motivation is what gets you started. Habit Is what keeps you going.,Non-Offensive
25,Open your eyes and look within. Are you satisfied with the life youre living?,Non-Offensive
26,"Follow your dreams, or youll spend the rest of the time working for someone who did.",Non-Offensive
27,"Your time is limited, so dont waste it living someone elses life.",Non-Offensive
28,jSadass: loud bitches annoy me,Offensive
29,"I used to dress up like a cop too.
Oh really?
Yeah...right after 911...mad pussy.
Really?
Yes...I'll NEVER FORGET.",Offensive
30,May you always walk the glorious road to success. All the best in life. May you achieve greatness and touch all your dreams.,Non-Offensive
31,I know that shit eatin grin! You either just fucked the girl of your dreams or you sold a car. We know you're a faggot. What'd you sell?,Offensive
32,Your future will always be bright when you stay focused optimistic and confident.,Non-Offensive
33,"If you dont design your own life plan, chances are youll all into some elses plan, and guess what they have planned for you? Not much.",Non-Offensive
34,"You will never find time for anything. If you want time, you must make it.",Non-Offensive
35,Having the positive belief that it will all be OK just means that you hustle and make it work because failure is not even an option in your own mind.,Non-Offensive
36,Ordinary cant possibly be extraordinary without taking risk. You have to learn to be uncomfortable with being comfortable to truly reach your highest potential.,Non-Offensive
37,"In every day, there are 1,440 minutes. That means we have 1,440 daily opportunities to make a positive impact.",Non-Offensive
38,"To handle yourself, use your head. To handle others, use your heart.",Non-Offensive
39,Tmacc_GFG: tizzimarie: No slushes hoes nasty anyway fam,Offensive
40,Dont wait to reach your goal to be proud of yourself. Be proud of yourself every step you take.,Non-Offensive
41,"I have learned over the years that when ones mind is made up, this diminishes fear.",Non-Offensive
42,I'm probably your main bitch chocolate dipped cinnamon apple,Offensive
43,"iLGDaily: And smoke weed in public, fuck cops man, do what you wanna do, they don't own you, run if they come are you retarded?",Offensive
44,thebravebird: YoureNotMyType if my fade is perpetually fresher than yours. That's a real ass bitch rite there,Offensive
45,May your pockets be heavy and your heart be light. May Good luck pursue you each morning and night.,Non-Offensive
46,"May the wings of the butterfly kiss the sun. And find your shoulder to light on. To bring you luck, happiness and riches. Today, tomorrow and beyond.",Non-Offensive
47,"Stop looking us and go eat some pussy, you yuppie fucks.",Offensive
48,Youre off to great places! Today is your day. Your mountain is waiting. So get on your way.,Non-Offensive
49,May you fly high in life  success be with you always.,Non-Offensive
50,You dont want to look back now and know you could have done better.,Non-Offensive
51,babineaux_: I don't got no type. Bad bitches is the only thing I like *Iongotnotype,Offensive
52,These hoes keep callin but I ain't pickin up,Offensive
53,"Foreign chick, no lie.. Man that bitch Beautiful",Offensive
54,Bleed out hoe!!! -Alexa,Offensive
55,Strength doesnt come from what you can do. Its comes from the things you once thought you couldnt do.,Non-Offensive
56,"If you love her then hide yo bitch so you'll keep shorty.
wizkhalifa",Offensive
57, i need a trippy bitch who fuck on Hennessy ,Offensive
58,Caesar is home RT NaewoodsterMjaySkillz: theres so much this bitch looks like. Lets start with ape shit,Offensive
59,"molssyo: One of us is on drugs, and its me but you're still wrong  currieburry hahahahahahah im a bitch sometimes (:",Offensive
60,May you do well and come out with flying colors. All the best.,Non-Offensive
61,demi_eggleton: oh my god I love Victoria Mitchell all my bitches love me,Offensive
62,"This is for all the fans that waited, the bitch niggas that hated  Old hoes we dated, look mama, we",Offensive
63,"I'm feelin like Malcolm in the middle, these bitches surround me they can't miss em",Offensive
64,"Stop being a pussy, son, and shove that needle into your own heart! afterearth",Offensive
65,The only way to achieve the possible is to believe it is possible.,Non-Offensive
66,"There is only one thing that makes a dream impossible to achieve, the fear of failure.  Paulo CoelhonTough times never last, but tough people do.",Non-Offensive
67,"You deserve it, go for it. Good Luck.",Non-Offensive
68,rugbysocklad: Hell yeah bro!fuck yeah sexy scally lad in hot gear,Offensive
69,The successful warrior is the average man with laser-like focus.,Non-Offensive
70,"You are never given a wish without also being given the power to make it come true. You may have to work for it, however.",Non-Offensive
71,Sales are contingent upon attitude of the salesman. Not the attitude of the prospect.,Non-Offensive
72,Make your optimism come true.,Non-Offensive
73,"Always do your best. What you plant now, you will harvest later.",Non-Offensive
74,"You will meet many people in life who will hate you much. But you have to stand strong and straight and you have to be yourself. Define yourself with how strong you stand at that time. Good luck, have a happy life.",Non-Offensive
75,"Walked in that bitch like, NIGGA WE MADE IT!",Offensive
76,snoleezey801: I don't ever expose females like that.. That's childish.. bitch nigga shiiii.....,Offensive
77,"That ain't bro moves, that's hoe moves",Offensive
78,"Life is not measured by the number of breathes we take, but by the moments that take our breathe away.",Non-Offensive
79,"Happiness doesnt stay in your life for long. So when you have it, enjoy it to the fullest. Wishing you all the best.",Non-Offensive
80,Best wishes that your new degree will be a source of success you so richly deserve.,Non-Offensive
81,"May success be with you, always. Wishing you good luck.",Non-Offensive
82,Heres wishing you success in everything you do. Good luck.,Non-Offensive
83,So happy to hear your wonderful news. Heres to wishing you the best of luck.,Non-Offensive
84,Lmao SWILLA_LO: The d.rose adidas are lighter than my phone .... Shit is retarded,Offensive
85,"Her great grandmas a hoe,her grandmas a hoe,her moms and a hoe, and she's a hoe! It's a long line of hoes! -Grandpa Carl everyone",Offensive
86,My good wishes are always with you. Go for it.,Non-Offensive
87,"Where the loser saw barriers, the winner saw hurdles.",Non-Offensive
88,"If it is important to you, you will find a way, not an excuse.",Non-Offensive
89,"From all of us to you, we wish you well and hope that all of your dreams come true.",Non-Offensive
90, bitch plz whatever ,Offensive
91,Twenty years from now you will be more disappointed by the things that you didnt do than by the ones you did do. So throw off the bowlines. Sail away from the safe harbor. Catch the trade winds in your sails. Explore. Dream. Discover.,Non-Offensive
92, cant you see these hoes wont change ,Offensive
93,The expert in anything was once a beginner.,Non-Offensive
94,Keep your face to the sunshine and you cannot see a shadow.,Non-Offensive
95,Choosing to be positive and having a grateful attitude is going to determine how youre going to live your life.,Non-Offensive
96,"Change is always powerful. Let your hook be always cast in the pool where you least expect it, there will be a fish.",Non-Offensive
97,"If you're a bad bitch put your hands up high 
Every girl in the room starts waving there hands around.",Offensive
98,How u talking to hoes bout bro n em.. Why you talking to hoes bout bro n em,Offensive
99,Never doubt your abilities for a moment in life. Wish you good luck and all the best.,Non-Offensive
100,Lmao BlackBeauty515: RT 80sbaby4life: Pound cake look like pussy,Offensive
101,She was a bitch anyway,Offensive
102,whoiscoreyking: Chase money  not hoes ,Offensive
103,As long as you have hard work in your stride good Luck will always be by your side.,Non-Offensive
104,"Niggas always yelling Fuck bitches, Get money meanwhile they're broke and still want the bitches.",Offensive
105,z0mbiedance: I made that bitch lunch. elizabethbatman Bitches love lunch.,Offensive
106,"Wow you are a bitch 
 Yes that's already been established, anything else you have to say?",Offensive
107,"Every day may not be good, but theres something good in every day.",Non-Offensive
108,marackaf: white_thunduh: Aye yall ima tryout for the bowling team frfr tryouts passed tho no theres two more retard,Offensive
109,Step by step and the thing is done.,Non-Offensive
110,She gotta shape up her pussy lips tho PostPrettyPussy: Whole wheat organic pussy,Offensive
111,"I dont even need a picture of tamar, that bitch is beat in every picture",Offensive
112,Baby I like being on your left side no bitch you can't be there Cuz the street on that side and Twitter said I ain't real if you do,Offensive
113,What I do? betysweetcocker: Gotta report you as spam RT 80sbaby4life: Ladies RT if your head game better than your pussy,Offensive
114,I'm downloading you a new personality and ordering you a new face! You bitch.. I love you.. Goddamn it! -Axl Rose yelling at his sex robot,Offensive
115,"Sylvieamx: Pisces will never be anybody's bitch, they don't let people control or change them. Rigghhht",Offensive
116,"Courage is like a muscle, we strengthen it by use.",Non-Offensive
117,"She quietly expected great things to happen to her, and no doubt thats one of the reasons why they did.",Non-Offensive
118,A chion is scared of losing while everyone else is scared of winning.,Non-Offensive
119,May your troubles be less and your blessings be more. And nothing but happiness come through your door.,Non-Offensive
120,"Takin it straight to dirt, why finger the pussy when I know I can put my dick in it? xErnee18",Offensive
121,_rapdreams: bitches hold they nigga down when he get locked up... but if a nigga go to college or the military it's a different story. ,Offensive
122, cancel that bitch like Nino ,Offensive
123,k_eazy26: Facts what baldheaded bitch made this shit. Lmao,Offensive
124,May your pockets be heavy and your heart be light.,Non-Offensive
125,Here is the best wish for the new year: Let there be more freedom of thought throughout the world! Fields need rain truths need freedom of thought.,Non-Offensive
126,"I hope you don't get mad, ladies. I only call you bitches 'bitches' bc I don't know your names individually. -Katt Williams LetMicahDown",Offensive
127,"Keep your best wishes, close to your heart and watch what happens.",Non-Offensive
128,Good luck is a residue of preparation.,Non-Offensive
129,A positive mind finds a way it can be done. A negative mind looks for all the ways it cant be done.,Non-Offensive
130,leikant: This is so fucking hot!! scally sneakersex sockfetish sniff trainersex love me some kinky scallies,Offensive
131,I fucking hate that bitch so much I wanna smack her in the face then tongue kiss her,Offensive
132,"If you can dream it, you can do it. Best wishes for your bright future.",Non-Offensive
133,TheNymphoTweets: Hickies in between her thighs right by her pussy Its only right,Offensive
134,"glowstruck: But a nigga gon be a nigga, be a nigga. You sound fuckin retarded",Offensive
135,"To be the best, you must be able to handle the worst",Non-Offensive
136,Even the darkest night will end and the sun will rise.,Non-Offensive
137,_prettyflvck0: Me And Paul Thinkin Bout Gettin Rentals For Da Weekend oooh shit bitches betta stay out da streets,Offensive
138,"If you cant see the bright side of life, polish the dull side.",Non-Offensive
139,You miss 100 percent of the shots you never take.,Non-Offensive
140,"I dont care what you think about me, I dont think about you at all.",Non-Offensive
141,"socass_: 00sexilexi00: socass_ yasss

*trys new things with bestfriend*

*bitch who do you love*",Offensive
142,Let's do nips ahoy and spank me maybe,Offensive
143,Stay positive in every situation and everything you do and never stop trying. Have faith. Dont stop due to failure.,Non-Offensive
144,Maybe she wants to be more than your friend or maybe she's a stupid bitch. You never know until you make her cum. ,Offensive
145,"scallynikelad: sleazytwinks: So hot!! RT opcinjen: Lick it, bitch fuck yeah. Eat that trainer u dirty fucker",Offensive
146,Dont worry about what others think. Most people dont use their brain very often.,Non-Offensive
147,TheRealRickyB21: JetsAndASwisher Gook____ y'all come through the front.bitch I ain't coming,Offensive
148,You have worked incredibly hard. Good luck. We are proud of you.,Non-Offensive
149,"cheetahBluntz_: Its me hoe, its me hoe shhhhh",Offensive
150,"Take the first step in faith. You dont have to see the whole staircase, just take the first step.",Non-Offensive
151,Luck is for the lazy. Success is for those who work hard.,Non-Offensive
152,We dropped by to say we will miss you lots. All the best to you.,Non-Offensive
153,"All these bitches want a baby, I don't want no children.",Offensive
154,Success comes only to those who believe in themselves and are prepared to win. Good Luck.,Non-Offensive
155,"Every beautiful moment we have is a pearl, we thread on the necklace of our life. And every moment we enjoy makes our necklace more precious.",Non-Offensive
156,The only difference between a good day and a bad day is your attitude.,Non-Offensive
157, i txt my old bitch my new bitch pussy wetter ,Offensive
158,Follow your dreams. Never say never.,Non-Offensive
159,Being failure or loser is totally up to you. Just remember one thing that the failure is a defeat for the loser and it is nothing less than inspiration for the winners. Get inspired by your failure and get success next time. I wish you the best of luck and may you be a winner every time in life.,Non-Offensive
160, running round here like some brand new pussy thats bout to get fucked ,Offensive
161,Always turn a negative situation into a positive situation.,Non-Offensive
162,May you always get what you want and may you be at the right place. I wish you a very good luck for the future and may you have a wonderful life with no worries.,Non-Offensive
163,Difficult roads often lead to beautiful destinations,Non-Offensive
164,Do your best. Thats all you can do!,Non-Offensive
165,"The future is bright and beautiful. Love it, strive for it and work for it.",Non-Offensive
166,Be somebody who makes everyone feel like a somebody.,Non-Offensive
167,Heres wishing you all the best for your endeavors in the coming year.,Non-Offensive
168,They have some ghetto ass bands * gets snuck* ,Offensive
169,YoungRicooo: Sad knowing that most hoes won't fuck with you bc you ain't got stacks. wait till friday,Offensive
170,LMFAOOOOOOOOOOOOOOOOOO bb_brooks: If your pussy is good but my mama dont like you? Guess who gotta go my mama.,Offensive
171,SORRY JB FAN REALLY JUSTIN COME BACK. That is the top comment on a Justin Timberlake video with 10 million views. Son of a fucking bitch!,Offensive
172,If we had one wish for you on this special day it would be: May the best of your past be the worst of your future.,Non-Offensive
173,obey_jrock__: This is a true ride or die bitch what the fuck hahahahah,Offensive
174,Get your ass back to Detroit ya fuckin' wigger!,Offensive
175,UnHoly_Jack: These harbor bitches are all Party Bus hoes Lol all?,Offensive
176,Dwell on the beauty of life. Watch the stars and see yourself running with them.,Non-Offensive
177,"Set your goals high, and dont stop till you get there. All the best.",Non-Offensive
178,"xoxoclauudia: YASSSSSS, ORDERED CHINESE bitch you just ate tacos you fat fuck",Offensive
179, bitch nigga miss me with it ,Offensive
180,"Happiness is an attitude. We either make ourselves miserable, or happy and strong. The amount of work is the same.",Non-Offensive
181,datFullerkid: TreVaughnLG yall both gimped up?? Ain't tht a bitch huh lol,Offensive
182,Becoming is better than being.,Non-Offensive
183,angelenagoley: 10 sex positions naw this what u call fucking the soul outta bitch,Offensive
184,"Failure is the key to success, each mistake teaches us something.",Non-Offensive
185,Shun_stokes: My cousin said he share hoes with his brothers. He said sharing is caring and he love his brothers ,Offensive
186,No boats and hoes please thanks - Mom,Offensive
187,Will shank a bitch for ceviche,Offensive
188,Vbomb20: Woodchuck20 pussy love it,Offensive
189,"If your good luck is with you, all the good things happen to you in life. You get happiness, friends, love and success in life. Best of luck to achieve your desires.",Non-Offensive
190,I just got a number 3 I'm a bitch boy,Offensive
191,"poppunksucks: Twitter is not a source of news broadcast you fucking retards it is when nbc, abc, cnn, Fox, etc are all keeping quiet.",Offensive
192,XoJennyGirl: I'm making marack my girlfriend . marackaf aye b you pullin hoes just like o taught you,Offensive
193,May the sun always shine on your window pane may a rainbow be certain to follow each rain.,Non-Offensive
194,Sending you good luck vibes.,Non-Offensive
195,You are a truly talented person and I wish you well throughout your life.,Non-Offensive
196,talibanshawtyy: Niggas whole hoes out here cuz Couldn't had said it better.,Offensive
197,Never ever think of quitting. Think about winning and you will win for sure. Keep on running and struggling and then there is no force that can stop youfrom getting success in life. Have courage and belief in yourself and then go ahead and face every problem with all the courage. Then nothing can stop you from winning. Best of luck to you my friend.,Non-Offensive
198,analicialouise: Tevin is my favorite sophomore I think he's so funny Hes really not. Lmaoo hes a little hoe,Offensive
199,djsliime: That long distance shit wack I knew the bitch was cheating- uh oh,Offensive
200, black bottle  a bad bitch ,Offensive
201,I prolly leave up out this bitch with my cups in my hand and yo hand in my other hand.,Offensive
202,"You cannot live to please everyone else. You have to edify, educated and fulfill your own dreams and destiny.",Non-Offensive
203,adriwadrri: No love for these fuck niggas hoes*,Offensive
204,wiganzlad: MarkyCrumb: gmail_shorts: I'm on my way love a chavhot sexy scally fucker.,Offensive
205,Failure will never overtake me if my determination for succeed is strong enough.,Non-Offensive
206,Dropped a stack cause bitch I'm ON.-1PoloBoy Song called Dope.,Offensive
207,It's never too late to tag a bitch.- CyFyre,Offensive
208,Definiteness of purpose is the starting point of all achievement.,Non-Offensive
209,_GeeWillikers_: Ass slapping is one the greatest things. Haha I slapped a girl on the ass. . She got mad I aint get pussy for a week,Offensive
210,"If you really want the key to success, start by doing the opposite of what everyone else is doing.",Non-Offensive
211, it aint nothing to cut a bitch off ,Offensive
212,Fuck 50 I make my own rules. Suck my dragon balls bitch call me goku,Offensive
213,ronald_iongi: Ummmmmm okay  you got hoes from left to right  do yah thang!,Offensive
214,ShowArrive: Side hoes are for insecure niggas that can't handle a real one.,Offensive
215,Good Luck. Hope you enjoy your new life.,Non-Offensive
216,"Pretend every single person you meet has a sign around his or her neck that says, Make me feel important. . Not only will you succeed in sales, you will succeed in life.",Non-Offensive
217,Success is never permanent and it comes to only those people who try again and who do not wait and hesitate. It comes to those people who are ready to do anything. I wish you the best of luck. May you have a successful life ahead.,Non-Offensive
218,Failure will not overcome me so long as my will to succeed is stronger.,Non-Offensive
219,Why u being such a little bitch chris you ain't six bitch - Allisons Mom,Offensive
220,You can waste your lives drawing lines. Or you can live your life crossing them.,Non-Offensive
221,YoungRicooo: WexicanAfro702: Don't take advantage of a nice person hoes everyjuan,Offensive
222,It takes a true directioner to accept Larry You know what bitch its fans like you that make the boys cry. ThankYouPaulForConfirmingLarry,Offensive
223,I can't handle no liquor... But these bitches can't handle meeedd - Chief Sosa,Offensive
224, post a picture of that pussy get 200 likes ,Offensive
225,Optimism is the faith that leads to achievement. Nothing can be done without hope and confidence.,Non-Offensive
226,"If you have the power to make someone happy, do it. The world needs more of that.",Non-Offensive
227,"I want to wish you good luck in whatever you do, may you get all things new, you have done your best in case. You will definitely win the race of life so just a little strive, and you would be there. You will get your fair share so do your best you can and you will get the plan.",Non-Offensive
228,Tmacc_GFG: BOBBY BITCH-by BobbyShmurdaGS9 be getting me live as fuck hell yea i play that hoe before my workout,Offensive
229,All life is an experiment. The more experiments you make the better.,Non-Offensive
230,By the way we do punch bitches.,Offensive
231,"Changing the face can change nothing, but facing the change can change everything. Good Luck.",Non-Offensive
232,Try a little harder to be a little better. All the best.,Non-Offensive
233,Energy and persistence conquer all things.,Non-Offensive
234,"Yes, no perfect life is there. But it can be made perfect by having lots of perfect moments and celebrating them. Best of luck dear",Non-Offensive
235,Dad say hi to my snapchat  Dad duces bitch,Offensive
236,"I wish you all the success, happiness, and joy in life.",Non-Offensive
237,The secret to joy in work is contained in one word. Excellence. TO know how to do something well is to enjoy it.,Non-Offensive
238,"He wanna be my nigga, but I'm just trinna be his savings account omg imma funny ass bitch man, but that's Real Shit ",Offensive
239,Achieve your goals in silence.,Non-Offensive
240,"theaveragerocks: Hardcore way to eat Mac and cheese
1. Boil water 
2. Snort cheese powder
3. Drink boiling water 
4. Fuck bitches",Offensive
241,"Do not wait to strike til the iron is hot, but make it hot by sticking.",Non-Offensive
242,Nothing can dim the light which shines from within.,Non-Offensive
243,"I find that the harder I work, the more success I seem to have.",Non-Offensive
244,"Instead of worrying about what you cannot control, shift your energy to what you can create.",Non-Offensive
245,The secret to a rich life is to have more beginnings than endings.,Non-Offensive
246,rugbysocklad: Helping out a mate!! I love scally play. Fuck yeah,Offensive
247,"I wish you for all your dreams of tomorrow, I wish youre having faith they all come true. I wish you all these thingsbut remember, sometimes wishes and dreams are all up to you.",Non-Offensive
248,Action is the foundational key to all success.,Non-Offensive
249,"A bird sitting on a tree is never afraid of the branch breaking, because her trust is no on the branch but on its own wings. Always believe in yourself.",Non-Offensive
250,Thornton25: KantKeepAhBYTCH: I love eating pussy lol I never get full lol I can eat that shit forever lol and ever.,Offensive
251,WBeezy_: QuaTheGreat: Aww their avis look so cute together do I gotta get Ike avi on this bitch ?,Offensive
252,ozzie_garza: white_thunduh I'm so sure bitch frfr tf,Offensive
253,The good luck you have made for yourself is an inspiration to many. May it continue throughout your life.,Non-Offensive
254,I am thrilled to know that luck has finally found you. Warmest wishes my friend.,Non-Offensive
255,__MALIBUbarbie: Nd wtf is up with dark bitches with blonde.. PLEASE HAVE SEVERAL SEATS HOE! ..looking like blackmilds out here,Offensive
256,Attitude is a little thing that makes a big difference.,Non-Offensive
257,"Niggas be pressed for pussy, Eeeeeen nothin",Offensive
258,Remember that guy who gave up? Yeah neither does anyone else.,Non-Offensive
259,Sending best wishes to hope to show that how much I love you.,Non-Offensive
260,"A NO BRAINER But as soon as this bitch gets rich in political power, her views will change! POLITICAL WHORES!",Offensive
261,"Do you believe these hoes are not in fact loyal? I disagree with that, I do believe they are in fact the loyalest bunch,these hoes",Offensive
262,How hotter than is it? A bitch.,Offensive
263,jacaxeltlu: Eventually every bitch turns into that hoe.  Truuu,Offensive
264,haitian__goLd: Tim Tebow got cut from every team he was on in the NFL and he already got more hoes than me in Starkville. Smh. ,Offensive
265,hornyjhb: Fuckin hot gym pussy fuck yeah,Offensive
266,TheGamerKingKev: I wonder if the girl that gave head to 24 boys for a drink in magaluf has twitter she probly sends nudes for fags,Offensive
267,jaimescudi_: Tonybthrz_: jaimescudi_: I swear if oomf try talking to me tomorrow..  BarackObama pussy,Offensive
268,"If you keep working as hard in the future, nothing can stop you. All the best.",Non-Offensive
269,Everything look better with a bitch next to it,Offensive
270,"You cant use up creativity. The more you use, the more you have.",Non-Offensive
271,morgandaylee: I'm feeling pretty fuckin ghetto Smh,Offensive
272,"Wishing you strength to face every problem, joy and happiness to enjoy your wonderful life, love to make life beautiful, talent to make life good and worth living, and a very happy life. Best of luck my dear.",Non-Offensive
273,!!!!!!!!!!!!! RT ShenikaRoberts: The shit you hear about me might be true or it might be faker than the bitch who told it to ya ,Offensive
274,splurgb_: Nothin in life is free.. Some of you bitches need to write that on ya panties,Offensive
275,Start where you are. Use what you have. Do what you can.,Non-Offensive
276,TyJonCuffee: And if you ain't a hoe get up out my traphoussseeeee,Offensive
277,Live life to the fullest and focus on the positive,Non-Offensive
278,soxandjox: Thick raw fuck Damn his man pussy is getting a workout.,Offensive
279,"If you spend too much time thinking about one thing, youll never get it done.",Non-Offensive
280,"You may be hurt sometimes, you may fail and lose sometimes. You may not get what you want, but never stop thinking good and struggling. By struggles, you will get everything you want. This is the real success. I wish you good luck with your tasks.",Non-Offensive
281,We generate fears while we sit. We overcome them by action.,Non-Offensive
282,Better keep yourself clean and bright. You are the window through which you must see the world.,Non-Offensive
283," nice girls bad, make me get naughty. Bad yello hoe, real nice body. Down south chick, like em real thick",Offensive
284,TreLeKidd: Yo bitch is Gucci Mane RT JabariTheGreat : My bitch a stoner,Offensive
285,I woke up like thi- bitch go back to bed,Offensive
286,Be mindful. Be grateful. Be positive. Be true. Be kind.,Non-Offensive
287,The difficult thing is the decision to act. The rest is merely tenacity.,Non-Offensive
288,stephencdo: currieburry if one of you bitches want some of my burrito u can catch me at potosino huh? Haha,Offensive
289,Twenty years from now you will be more disappointed by the things that you didnt do than by the ones you did do. So throw off the bowlines. Sail away from the safe harbor. Catch the trade winds in your sails. Explore. Dream. Discover.,Non-Offensive
290,YoungRicooo: Happy birthday bitch nigga WexicanAfro702 Thanks pal,Offensive
291,iDntWearCondoms: Watch women try to argue with me like they have a dick and actually fucked some pussy before I hate when bitches do that,Offensive
292,Actions are much more important than dreams in order to achieve something really great. You must have a proper plan for how to achieve it. And the most important thing is that you must believe yourself that you can do it. I wish you good luck with all the things you have to achieve.,Non-Offensive
293,"Used to have a girlfriend, now all I got is hoes.. I was lookin for a good girl, but she was fuckin on the low.",Offensive
294,"Moving on to a new stage in life can be a challenging process. We wish you the best of luck in all of your future endeavors, you will be great.",Non-Offensive
295,"Life is a great big canvas, and you should throw all the paint on it you can.",Non-Offensive
296,Close your eyes and make a wish.,Non-Offensive
297,"If you absolutely cant stay positive, dont go negative, just cruise neutral for a while until you can get back up.",Non-Offensive
298, i spend my money how i want bitch its my business ,Offensive
299,"TheoMaxximus: Chrus still supahot tho *walks up to teacher with test, drops test in that bitch fohead*",Offensive
300,U got my 200K bitch nigga--Al Haymon to Antonio Tarver,Offensive
301,Leadership reputations are mad or lost in times of crisis.,Non-Offensive
302,"Accept then act. Whatever the present moment contains, accept it as if you had chosen it. This will miraculously change your whole life.",Non-Offensive
303,My momma told me to tell you to mind yoooo damn motha fuckin business you 2+2 not knowin what it is bitch!!!!!!,Offensive
304,Good luck and tons of best wishes. God bless you in whatever you do. This is my heartiest wish just for you.,Non-Offensive
305,If you are not willing to risk the usual you will have to settle for ordinary.,Non-Offensive
306,People have to remain positive and believe in those dreams. Its really important.,Non-Offensive
307,royalswagg_: using y=mx+b to find the slope of that ass,Offensive
308, if you're toes ain't done you pussy stinks ,Offensive
309,"Dont ever be afraid to dream too big. Nothing is impossible. If you believe in yourself, you can acheive it.",Non-Offensive
310,Death is not the greatest loss in life. The greatest loss is what dies inside us while we live.,Non-Offensive
311,"fuckcamoclark: Roses are red and violets are blue and niggers are black, you know that's true. dylan72892",Offensive
312,You will never win if you never begin.,Non-Offensive
313,"Vibrate so high that toxic people in your life fall back, because they no longer know how to approach you.",Non-Offensive
314,"molssyo: Lifes a bitch, and then you die 
Thats why we get high, cause you neva know when you're gonna go my sister is perfect (:",Offensive
315,We only fail when we stop learning.,Non-Offensive
316,Remy Machiavelli send shots to ya belly  my bitch,Offensive
317, these hoes like niggas that spend money not talk bout it ,Offensive
318,witmyRUDEass: These newly gay bitches don't kno how shit works,Offensive
319,"Best wishes to you on your birthday may the day be filled with happiness, a day thats so special for you and memories you will cherish",Non-Offensive
320,"I taught myself how to eat pussy, and cut my own hair
I taught myself how to eat pussy hair
Name the movie ",Offensive
321,"Calm mind brings inner strength and self-confidence, so thats very important for good health.",Non-Offensive
322,Heres to the sweetest and loveliest person I know. Happy birthday.,Non-Offensive
323,"If I have to wish you something, I would have to say have a very nice day.",Non-Offensive
324,"I just took a trip to your future in my time machine, and it looks bright. All the best.",Non-Offensive
325,"You cant connect the dots look forward, you can only connect them looking backward. So you have to trust that the dots will somehow connect in your future. You have to trust something, you gut, destiny, life, karma, whatever. This approach has never let me down, and it has bade all the difference in my life.",Non-Offensive
326,"Girls that I dated, its okay I ain't mad yo, unless you stabbed me in the heart, no love hoe",Offensive
327,"Keep your best wishes and your biggest goals close to your heart and dedicate time to them every day. If you truly care about what you do and you work diligently at it, theres almost nothing you cant accomplish.",Non-Offensive
328,Let me tell you the secret that has led me to my goal. My strength lies solely in my tenacity.,Non-Offensive
329,"To accomplish great things, we must not only act, but also dream not only plan, but also believe",Non-Offensive
330,ortiz_jaylene: All I see is Bruno's bitch ass on my twitter now. wtf Bruno's all that she sees (Drake voice),Offensive
331,XoXo__Angiee: Bruno fag boy you love me.,Offensive
332,I'm comparing KFC to the pussy MaxOn_MaxOff5,Offensive
333,"If everything seems under control, youre not going fast enough.",Non-Offensive
334,"Batter the wee cunt Jewis y cos he fucked my ex? Emma isnt battering the girls I've nailed?Ive moved on,stop being a pussy n do it urself.",Offensive
335,"I went to jail for a flock,  came home wit a strike.. You went to jail as a bitch, came home as a dike- YG",Offensive
336,SmeegBaby: Dese hoes be LYIN to all of us nigga,Offensive
337,My prayers and best wishes are always with you. May you have a very good luck. You can make your future bright and shining when you will believe in yourself and never think of quitting. Good luck with everything you do!,Non-Offensive
338,Why would you wanna be the Green Ranger? He's evil! Duh bitch,Offensive
339, like Snoop said in 94 we dont love these hoes ,Offensive
340,im stronger because I had to be. Im Smarter because of my mistakes. I am happier because of the sadness I know and now wiser because I learned.,Non-Offensive
341,You can do anything you set your mind to.,Non-Offensive
342,"Nah girl I ain't gon be able to make it, it's been tight since Russ loss his job you in the back like damn bitch really",Offensive
343, bitch get up off me ,Offensive
344,Im making a prediction that you are going to keep being awesome.,Non-Offensive
345,"As you start this new journey in life, may every day hold wonderful experiences.",Non-Offensive
346,savage_twotone: Next year bitches is gonna be like you gotta promise you won't expose me,Offensive
347,"Perfection is not attainable, but if we chase perfection we can catch excellence.",Non-Offensive
348,"Fear not for the future, weep not for the past",Non-Offensive
349,"Happy Graduation! Make a difference, live the dream, relish the adventure and stand strong.",Non-Offensive
350,The flower doesnt dream of the bee. It blossoms and the bee comes.,Non-Offensive
351,lildurk_: I don't trust dese hoes Nikki told 51st where I stay at all my fans screen shot ASAP we finna come to Chiraq and shoot sumn,Offensive
352,fatboyswagg347: they BAN dat pussy for life  he gotta pay 2.5 millon dollar fine,Offensive
353,Good luck with all your efforts. May you get what you truly deserve.,Non-Offensive
354,An eye for eye only ends up making the whole world blind.,Non-Offensive
355,"roLLYuP23: No text back? I don't give a fuck, I'll text another bitch damn someone is hurt lol",Offensive
356,"In My Mind
Gotta be the dumb hoe anthem...",Offensive
357,Its kind of fun to do the impossible. All the best.,Non-Offensive
358,WannabeKanye: whys this bitch boosting herself Her size isn't exactly the most healthy tho,Offensive
359, pussy is a powerful drug HappyHumpDay,Offensive
360,Dont tell people your dreams. Show them! Best wishes for your future.,Non-Offensive
361,Taylorr_Babee: You ain't ever gonna be a slice bitch. Kevin hart. (:,Offensive
362,"Dreams are renewable. No matter what our age or condition, there are still untapped possibilities within us and new beauty waiting to be born.",Non-Offensive
363,Facto ShaunaSayomi: Who cares if you a hoe when your ass looks like this?,Offensive
364,Good seasons start with good beginnings.,Non-Offensive
365,witmyRUDEass: When a bitch don't want a real job they just become strippers lol lol.,Offensive
366,iickUpLines: You can call me Fireman cause I turn the hoes on.,Offensive
367,"In order to carry a positive action, we must develop here a positive vision.",Non-Offensive
368,altosteel115: woof woof. Sexy thug boy scally.,Offensive
369,I'll beat on that pussy so hard,Offensive
370,"On top of that, she just a pregnant ass sorry hoe. Aint never got no money. Even her water broke. - TallTrappin88 RIPTALLT",Offensive
371,And bitch you must be lost ,Offensive
372,worldwarzee_: these hoes ain't loyal.,Offensive
373,Be positive with every idea surrounding your dreams.Think about the possibility of what you plan to do and approach it with an optimistic action. Stay positively,Non-Offensive
374,Tmacc_GFG: VoiceOfDStreetz: Tmacc_GFG: tizzimarie: No slushes hoes nasty anyway famthem hoes taste like meds,Offensive
375,"Luck is yours, greetings are mine, you get every success and let your future always shine. Best Wishes  Greetings.",Non-Offensive
376,"If you give up on your dreams, whats left?",Non-Offensive
377,Have you seen my shows? Have you seen my hoes? If I wasn't hot would they be so thick?,Offensive
378,Everything you ever wanted is on the other side of fear.,Non-Offensive
379, we dont trust these niggas all these bitches ,Offensive
380,Hardships often prepare ordinary people for extraordinary destiny.,Non-Offensive
381,Things work out best for those who make the best of how things work out.,Non-Offensive
382,"WBeezy_: Run_DRC: Its simple, dont be a hoe=dont worry about being exposed fight mewhy ?",Offensive
383,"Life is not perfect but you can make it perfect yourself. All you need to make your life perfect is love, happiness, laughter and lots of luck. I wish you the best of luck for a perfect life with happiness all the way.",Non-Offensive
384,TayKnosBest: These hoes is crazy,Offensive
385,SlimGirl_Probz: i'm hungry but ionn wanna spend my money on food Broke hoe problems,Offensive
386,_simplycaitlin: why do my friends hate me because you a ratchet hoe..,Offensive
387,WHAAAAAAT! LMAOOO!!! Cromotoasted: creepgoddess that's why I luv u fat bitches cuz y'all got some big ole titties and phat booties,Offensive
388,Shun_stokes: RT bluprint_4: Lmao! This bitch come scooting in the tent like she about to fuck some shit up!,Offensive
389,kayreneeee_: Fuck wit us and then we tweakin hoe shmurda!,Offensive
390,"Shall I compare thee to a summers day? No, a summers day is not a bitch.",Offensive
391,trestiffer: Hi bitch No bitch Bye bitch,Offensive
392,__taradise__: Ya nigs out there still saying y'all don't eat butt?! WITH A STRAIGHT FACE!,Offensive
393,"What you lack in talent can be made up with desire, hustle and giving 100% all the time.",Non-Offensive
394,Very often a change of self is needed more than a change of scene.,Non-Offensive
395,"Sending this lucky butterfly to shower you with love, luck  blessings.",Non-Offensive
396,Creativity is intelligence having fun.,Non-Offensive
397, i met that pussy on Ocean Dr . i gave that pussy a pill,Offensive
398,No bitches  - nan,Offensive
399,"I only be with older men cause they're more mature

That supposed to fool us bitch?",Offensive
400, bad bitches is the only thing that i like ,Offensive
401,Ive got a dream thats worth more than my sleep.,Non-Offensive
402,Twitter is twitter bitch twitter is life,Offensive
403,Only you can control your future.,Non-Offensive
404,Y'all forget he has his brand new baby girl at home bitch the cookies are burning,Offensive
405,"Here are best wishes that your profession brings satisfaction, and pride to you always.",Non-Offensive
406,Dreams dont work if you dont.,Non-Offensive
407,"There are far, far better things ahead than any we leave behind.",Non-Offensive
408,"The universe works in crazy ways. Your good luck will come in waves, and so does your bad, so you have to take the good with the bad and press forward.",Non-Offensive
409,I guess this is the night bitches die...!!!! Stewie is that nigga...!,Offensive
410,Sending well wishes and plenty of sunshine your way to brighten up your day.,Non-Offensive
411,"bleedingtrap: god teeth , gold chain
white bitches , cocaine",Offensive
412,RT it for me. Please and thanks BmorePocahontas: Did a pierced pussy just come across my timeline,Offensive
413,All the power is within you. You can do anything.,Non-Offensive
414,"Make your life a masterpiece. Imagine no limitations on what you be, have or do.",Non-Offensive
415, jus meet son now he ya mane ass bitches  Shots,Offensive
416,"My anxious recollections, my sympathetic feeling, and my best wishes are irresistibly excited whensoever, in any country, I see an oppressed nation unfurl the banners of freedom.",Non-Offensive
417, got ya bitch tip toeing on my hardwood floors  ,Offensive
418,"If you hate starting over, stop quitting",Non-Offensive
419,"gurl_Im_Angie: ItsKiaraaaa WestYourMajesty I'm not even shy stfu kikis mom: Hi angelique 
Angelique: Smiles *Dips cracker in soup*",Offensive
420,airmaxlad1: Sniff perved up scally lad. fuck yeah.,Offensive
421,SnakecharmsDump:oh yeah fuck that bitch,Offensive
422,"Every sunset gives us one day less to live! But every sunrise gives us one day more to hope. So, hope for the Best. Good Day.",Non-Offensive
423,"Dont wait on perfect conditions, just go ahead and do something.",Non-Offensive
424,The best view comes after the hardest climb.,Non-Offensive
425,"Happiness is always in your life, may God prosper happiness, wealth and good luck forever in your life.",Non-Offensive
426,"Be strong as you fight your way to success, the difficulty you face is nothing compared to the joy of success.",Non-Offensive
427,!!!!!!!!! RT C_G_Anderson: viva_based she look like a tranny,Offensive
428,Boolin' in the bando wit a few bitches,Offensive
429,There will be no success without hardship. All the best.,Non-Offensive
430,_TommyCollins: WeAreRichnow buffalobills yeah Texans are so much better you fucking retard I see that you're mad about this.,Offensive
431,_BaDa_Bing: I only punch real niggas in the face cause a pussy Nigga is gonna punch me right back Strong Mush or Shake..,Offensive
432,Roberto you are one nasty hoe,Offensive
433,ambitiousBree: _1nonlykeisha u see the damn phone ringing? when you married bitches makes demands!!!! You haven't called me,Offensive
434,"They say that you need oxygen to live. But I believe that there are some other things without which life will be so difficult. Those important things are love, happiness and most importantly Luck. Luck is very important to survive in life. I wish you the best of luck in all your life. May you have a great life ahead.",Non-Offensive
435,!!!!! RT mleew17: boy dats cold...tyga dwn bad for cuffin dat hoe in the 1st place!!,Offensive
436,"I KNOW my shoes dirty as fuck, whatever, bitch. You don't have to call!

Like, negro... one of the first things they LOOK at is shoes, dog",Offensive
437,Good luck to you as you move toward the next chapter life brings your way.,Non-Offensive
438,__youreWelcome: Im a boss ass bitch ...that needs to sit in a corner,Offensive
439,X_XPDOTJDOT: Damn near gotta protect my tweets.. stalkers being annoying you got that dope dick. Drive these bitches loco,Offensive
440,"In the end, it is important to remember that we cannot become what we need to be by remaining what we are.",Non-Offensive
441,"When you talk you are only repeating what you already know. But if you listen, you may learn something new.",Non-Offensive
442,"Pistol whip my Dickau, shoot yo bitch club up.

Sometimes freestyles be freestyles. And I'm okay with that.",Offensive
443,kikiSTFU: I'll break that lil bitch neck and won't even feel sorry about it Savage,Offensive
444,For every bad bitch there is a nigga tired of fucking her,Offensive
445, bitches get cut off everyday B ,Offensive
446,"If you wait, all that happens is you get older.",Non-Offensive
447,"I'm sick of his shit man JonnieSantana: Sit his bitch ass, I'm fed up bro RT 80sbaby4life: Geno threw yet another pick smh",Offensive
448,"May the wings of the butterfly kiss the sun. And find your shoulder to light on.To bring you luck, happiness and riches. Today, tomorrow and beyond.",Non-Offensive
449, if you aint bout that Murder Game pussy nigga shut up ,Offensive
450,"I said i don't like it, it tastes like wolf pussy 
what? How do you even know what that tastes like",Offensive
451, Keeks is a bitch she curves everyone  lol I walked into a conversation like this. Smh,Offensive
452,I am glad to hear that you are starting your own business after the excellent work experience. My Good Wishes are always with you.,Non-Offensive
453, So hoes that smoke are losers ?  yea ... go on IG,Offensive
454,realFORTES: Grudges are for weirdosand bitches,Offensive
455,Yo can I sublet your pussy ShitFahdSays,Offensive
456,Done is better than perfect.,Non-Offensive
457,trutherbot: does he look like a bitch? el_capacitor,Offensive
458,"When it comes to the future, there are three kinds of people: those who let it happen, those who make it happen, and those who wonder what happened.",Non-Offensive
459,"If you believe in yourself, anything is possible.",Non-Offensive
460,"Difficulties in your life dont come to destroy you, but to help you realize your hidden potential.",Non-Offensive
461,!!!!!!!!!!!!!!!!!!T_Madison_x: The shit just blows me..claim you so faithful and down for somebody but still fucking with hoes! ,Offensive
462,Success is not final and failure is not fatal. It is the courage to continue that counts,Non-Offensive
463,I fight while I can fight.,Non-Offensive
464,!!!!!!! RT UrKindOfBrand Dawg!!!! RT 80sbaby4life: You ever fuck a bitch and she start to cry? You be confused as shit,Offensive
465,"Be not afraid of greatness. Some are born great, some achieve greatness and some have greatness thrust upon them.",Non-Offensive
466,But I need a bad bitch that's hotter than me might be the realist shit PartyNextDoor ever said. That's how I be feelin everyday,Offensive
467,Sending you good luck vibes.,Non-Offensive
468,"I have this lady-love
She's married, but I still wanna bang her
She won't have sex with me
What a bitch ~A troubadour, probably",Offensive
469,"The_Realist_Sam: Madrid2_ yea, I'm on my iPad. I don't work this Friday. Let's ball this faggot up TropicalBlanketi work 2-5",Offensive
470,"I will persist until I succeed. I was not delivered into this world into defeat, nor does failure course my veins. I am not a sheep waiting to be prodded by my shepard. I am a lion, and I refuse to talk, walk and to sleep with sheep. I will persist until I succeed.",Non-Offensive
471,When im done with a hoe i pass her to the squad G!!!!!!!!!!!!!!!!!!!!!!!!,Offensive
472,StellaTex: Guess what? I also have zero time for your mansplaining! Adios! Stfu pussy,Offensive
473,WitHaPrettyface: _1nonlykeisha bet not be no bitches! Kim bye!!!,Offensive
474,"_iwantfranny: He's a hoe , I can't",Offensive
475,The best time for new beginnings is now. All the best.,Non-Offensive
476,The soul become dyed wit the color of its thoughts.,Non-Offensive
477,Yo feet smell like my puss Whut ? Like flowers bitch omg,Offensive
478,Be brave to let go of the past. And fight for the present that you deserve. A better future is always yours.,Non-Offensive
479,"Smile knowing that good luck has finally found you. Wishing you plenty of joy, happiness, and health.",Non-Offensive
480,I would rather you call me bitch than sir -my manager,Offensive
481,Change your thoughts and you change your world.,Non-Offensive
482,We wish you all the very best for your future life. May everything that you do make you happy and rise.,Non-Offensive
483,Dont be afraid to move on and start a new chapter.,Non-Offensive
484,"Success is getting what you want, happiness is wanting what you get.",Non-Offensive
485,Optimism is the one quality more associated with success and happiness than any other.,Non-Offensive
486,"The darker the night, the brighter the stars. The deeper the grief the closer is God.",Non-Offensive
487,"When everything seems to be going against you, remember that the airplane takes off against the wind, not with it.",Non-Offensive
488,"Good luck to you as you move onto the next stage in your life. Without a doubt, you will continue to have success in all areas.",Non-Offensive
489,A pussy a day keeps the devil away -DoperThanYola,Offensive
490,Dream big and dare to fail.,Non-Offensive
491, pimps up pimps up hoes down  Future voice,Offensive
492,TheOneMiss_Luu: Would you still love me when I'm no longer young and beautiful? No. Ugly monkey ass.,Offensive
493, is that ya bitch ,Offensive
494,!!!!!!__BrighterDays: I can not just sit up and HATE on another bitch .. I got too much shit going on!,Offensive
495,I believe in you. Good Luck.,Non-Offensive
496,Life is 10% what happens to us and 90% how we react to it.,Non-Offensive
497,May your good luck be always good.,Non-Offensive
498,"Best wishes to you as you progress from one stage in life to another. While this can be a difficult time, the results that you will achieve are worth all of the hard work that you will put in.",Non-Offensive
499, these bitches even worst they'll send them guys for you ,Offensive
500,"It's allegations, were u in the bedroom? Did u see it? Words of a naive  blind bitch. We know ur husband cheated on u. Ramona is dumb!!!",Offensive
501,"I got a sister, she told me stop calling women bitches..",Offensive
502,I don't chase after dudes... I chase after bitches. - Edgar Bautista,Offensive
503,I survived because the fire inside me burned brighter than the fire around me.,Non-Offensive
504, most hated but the hoes favorite  2MW SevenOne,Offensive
505,She said wigga man you rich...take the du-rag off,Offensive
506,So he's a good football player...but he still acts like a nig,Offensive
507,HOW DO YOU KNOW MY TWITTER PASSWORD bitch please,Offensive
508, lames crying over hoes thats tears of a clown ,Offensive
509,I dont have any time to stay up all night worry about what someone has to say about me.,Non-Offensive
510,Being in a good frame of mind helps keep one in the picture of health.,Non-Offensive
511,Good luck and tons of best wishes. God bless you in whatever you do. This is my heartiest wish just for you.,Non-Offensive
512,_BeeDontCare My pussy still fresh lt----- something stank girls say.,Offensive
513,Ambition is the path to success. Persistence is the vehicle you arrive in.,Non-Offensive
514,We wanted to wish you well during this very special time in your life.,Non-Offensive
515,Hey pussy you still there?,Offensive
516,"A man can be as great as he wants to be. If you believe in yourself and have the courage, the determination, the dedication, the competitive drive and if you are willing to sacrifice the little things in life and pay the price for the things taht are worthwhile. It can be done.",Non-Offensive
517,Keep your eyes on the stars and your feet on the ground.,Non-Offensive
518,May Good luck pursue you each morning and night.,Non-Offensive
519,juicyyyjayyyy: Side bitch Sunday  ,Offensive
520,Dont look back. For a bright future is ahead of you.,Non-Offensive
521,Never stop believing in yourself. Never think of quitting in life. You can do everything and you can get through every problem if you dont quit and if you have belief in yourself. I will always be there for you to help you out whenever you need me and I will stand beside you every time. Wishing you the best of luck for the future.,Non-Offensive
522, quick piece of pussy call it a drive by ,Offensive
523,"Don't you ever give my pussy away. You keep it tight, alright?",Offensive
524,I wish nothing but the best for you.,Non-Offensive
525,"My nips are freeeeezing...and that's not okay because they're slicing through my bra....
",Offensive
526, her pussy lips like Heaven doors ,Offensive
527,Your true success in life begins only when you make the commitment to be excellent at what you do.,Non-Offensive
528,"I never lose, either I win or I learn.",Non-Offensive
529,I'm gonna piss on your dimple SoNi99a_: Stop wasting prayers on trash teams lol,Offensive
530,I dont have hoes ,Offensive
531,May all your dreams come true.,Non-Offensive
532,YEHits_Von: Run_DRC: I must be a bitch you are  sike naw This why we always beefing ,Offensive
533,Eff it. Let's go after the cripple. ,Offensive
534,Ain't that about a bitch... What does that mean?,Offensive
535,"The greatest fear in the world is the opinion of others and the moment you are unafraid of the crowd, you are no longer a sheep. You become a lion. A great roar arises in your heart. The roar of freedom.",Non-Offensive
536,The best way to dispel negative thoughts is to require that they have a purpose.,Non-Offensive
537,airmaxlad1: Hot meat sexy as fuck scally lad. I would love to meet him and his trainers.,Offensive
538,He married to a white woman... lucky sum-bitch - Uncle Ruckus,Offensive
539,I find my heart singing a chorus at your happy news. Good luck to you during this joyous time.,Non-Offensive
540,Luck is yours wishes are mine. Let your future always shine. Best of Luck.,Non-Offensive
541,Imma tie that bitch up in the basement and donkey-fuck her ass for two weeks straight hahahahahahahahaha 50centmovie beforeiselfdestruct,Offensive
542,"Kid, there are heroes and there are legends. Heroes get remembered, but legends never ide. Follow your heart, kid, and youll never go wrong.",Non-Offensive
543, broke bitch cant tell me nothing ,Offensive
544,Our greatest weakness lies in giving up.. The most certain way to succeed is always to try one more time,Non-Offensive
545,I wish you a very happy life ahead in which you do not need to worry about anything. May you get all the thing you want in life. Best Wishes Always.,Non-Offensive
546,"Virgin pussy  ()  , regular pussy  ( )  , Oomf pussy (_________________________)",Offensive
547,Dream Big. Sparkle More. Shine Bright.,Non-Offensive
548,Wish you the very best in everything as you deserve nothing less.,Non-Offensive
549,Those ratchet broads don't represent me but YOUR white ass can't talk trash about them 'cause you on racist shit Black,Offensive
550,I got a bitch set it off like jada picket..queen latifah you riding round with your nieces bitch you titi,Offensive
551,It's the dykes -hunter dyke with a dyke,Offensive
552,"Stop waiting for good things to happen, go out and make them happen.",Non-Offensive
553,"People who succeed have momentum. The more they succeed, the more they want to succeed, and the more they find a way to succeed. Similarly, when someone is failing, the tendency is to get on a downward spiral that can even become a self-fulfilling prophecy.",Non-Offensive
554,Yo bitch on the horn. Tryna shoot a porn. - KingL That's T shirt worthy Tony,Offensive
555, bitch who do you love ,Offensive
556, i'd say im back to the old me but my old bitches would get excited,Offensive
557,"Dont ever change. Stay as amazing as you are, my friend",Non-Offensive
558,"A birthday wish you should make when you blow out the candles on your cake, but this special year that Ive known you, Id like to make my wish come true. The friends we are now will continue forever, as the girl I know now might be my best friend forever.",Non-Offensive
559,The starting point of all achievement is desire.,Non-Offensive
560,The key is not the will to win. Everybody has that. It is the will to prepare to win that is important.,Non-Offensive
561,Dont be afraid of moving forward. The future is bright.,Non-Offensive
562,SukMySweetness: money only impress the simple broke bitches,Offensive
563,Dumb bitches do dumb things,Offensive
564,"If all you can do is crawl, start crawling.",Non-Offensive
565,hazelebaby: Karma is a bitch Damn GodProtectsHisAngels *sips tea*,Offensive
566,"Success may be for some time but what you have achieved will always be yours and will stay with you forever. Work hard to achieve things, it may take your time today but you will cherish it tomorrow. Good luck to you dear.",Non-Offensive
567,"To accomplish great things, we must not only act, but also dream, not only plan but also believe, best wishes for your exam.",Non-Offensive
568,Good luck. Hope everything turns out to be simply great for you.,Non-Offensive
569,Dont wait. Make memories today. Celebrate your life.,Non-Offensive
570,"Obstacles dont have to stop you. If you run into a wall, dont turn around and give up. Figure out how to climb it. Go through it or work around it.",Non-Offensive
571,Your effort is sure to win. Keep up the spirit.,Non-Offensive
572,"The road may seem rough, life may seem tough, but for a smooth sailing, my good luck wishes are enough.",Non-Offensive
573,You have proven yourself to be a very skilled individual who has the capacity to do great things with their life. Continue to make us proud as you face new challenges and adventures.,Non-Offensive
574,IBS irritable bitch syndrome.,Offensive
575,"I cant change the direction of the wind, but I can adjust me sails to always reach my destination.",Non-Offensive
576,"To win in the market place, you must first win in the workplace.",Non-Offensive
577,"Either you run the day, or the day runs you.",Non-Offensive
578,That girl is plain looking borderline ugly  chunky. Hey at least she's got a nice smile  a great personality.,Offensive
579,Appreciate where you are in your journey. Even if its not where you want to be. Every season serves a purpose.,Non-Offensive
580,I'm sorry I fucked yo bitch... But she really dig a nigga KingL,Offensive
581,"TheNewSAT: NewSATQuestions
Yeah bitch, yeah bitch, call me _______:
a.) Maybe
b.) Steve-O
c.) Later
d.) Jesse Pinkman
machinegunkelly",Offensive
582,"You were born together, and together you shall be forevermore but let there be spaces in your togetherness. And let the winds of the heavens dance between you",Non-Offensive
583,"I never see failure as failure, but only as the game I must play to win.",Non-Offensive
584,Work - tydollasign Gets me through those rough days hahaha hoes,Offensive
585,Life isnt about finding yourself. Life is about creating yourself.,Non-Offensive
586,ZoeBarton3: h0rheyd ewww I said THAT last Sunday..as in the last Sunday I was there. Read it again nigs,Offensive
587,"They say that successful people are those who dream big, but I believe that they not only believe but their actions are more important in their success. They do hard work to get their desires and to change their dreams into a reality. I wish you strength and a good luck in life.",Non-Offensive
588, fuck no that bitch dont even suck dick   the Kermit videos bout to fuck IG up,Offensive
589,I'm a funky ass honkey. - jtimberlake 's shout out to macklemore tonight before Cabaret ,Offensive
590,Don't make me make you fall in live with a nigga like meee... The birds 12 are my favorite songs by Weeknd,Offensive
591,"Slow the fuck down, bitch, I know where you live!

Classy young lady.",Offensive
592,Against the assault of laughter nothing can stand.,Non-Offensive
593," rhythmixx_ :hobbies include: fighting Mariam

bitch",Offensive
594,Start by doing whats necessary then do whats possible and suddenly you are doing the impossible.,Non-Offensive
595,"Consider how much more you often suffer from your anger and grief, than from those very things for which you are angry and grieved.",Non-Offensive
596,"Just remember  when you think all is lost, the future remains.",Non-Offensive
597,"ThatniggaTroy: Oomf so fuckin fine tho  dam  her, don't be no bitch.",Offensive
598,fIirting: HE'S DOING IT RIGHT no bitches smh,Offensive
599,"likemicah: Y'all dumb ass niggas be so pressed to have hoes. Y'all weak as fuck as fuck ...weed over hoes, oreos too.",Offensive
600,"Leadership is an action, not a position.",Non-Offensive
601,whooligan__: can't stand a I don't know what I want ass nigga  bitch*,Offensive
602,rugbysocklad: Lads being Lads! fuck yeah. I love scally lad action. Hot trainers too.,Offensive
603,  you might not get ya bitch back  thats that ,Offensive
604,"Trust noneeee, bitch I don't ",Offensive
605,alejandra_p13: These bitches love Sosa,Offensive
606,Dont stress. Do your best. Forget the rest.,Non-Offensive
607,wodaeeex3: Awww Meat Meat In His Feelinsi ainn n my feelings bitch,Offensive
608,Pain makes you stronger. Tears make you braver. Heartbreak makes you wiser. SO thank the past for a better future.,Non-Offensive
609,These hoes ain't loyal,Offensive
610,coltforty2Gone: hate when bitches try and put you in the friendzone. bitch I'm tryin to score put me in the endzone ON. MY. SOUL!,Offensive
611,"Julia Roberts, you're a ho LaurenGardner8 NottingHill",Offensive
612,Don't know no ugly bitches! Don't know no broke niggas!--Kevin_Gates,Offensive
613,"Uh-uh, what do we have? Your empty heart, my empty bottle, a yellow cab.. That you would like to catch cuz yo latest ex made u mad..",Offensive
614,"Best of Luck for success to be there with you in every walk of life. May all the dreams that your heart hold, dear, come true. And may each day of life bring the best for you. All The Best.",Non-Offensive
615,clayton_jenn99: I'm gonna miss that bitch of a bus driver...no you won't. Don't lie,Offensive
616,"May God be kind, generous and rewarding. Good Luck.",Non-Offensive
617,"I had a bitch that had a bitch, had the bitch eating halibut.. - iamyoungroc FreshRhymes JerkSquad SlowStir",Offensive
618,It is better to live for one day as a lion than for 1000 years as a sheep.,Non-Offensive
619,Dont be afraid to start over. Its a brand new opportunity to rebuild what you truly want.,Non-Offensive
620,They Faggots JonnieSantana: Orioles petty as fuck...got swept up outta this bitch,Offensive
621,Shake that Bear ... aka two rednecks having sex on a dead bear,Offensive
622,"Ive come to believe that each of us has a personal calling thats as unique as a fingerprint  and that the best way to succeed is to discover what you love and then find a way to offer it to others in form of service, working hard and also allowing the energy of the universe to lead you.",Non-Offensive
623,"Think like a queen, a queen is not afraid to fail. Failure is another stepping stone to greatness.",Non-Offensive
624,maybe6789: Now u got what u want bitch ! Enjoy it now this is a crazy party I would love to attend.,Offensive
625,"A positive attitude causes a chain reaction of positive thoughts, events and outcomes. It is a catalyst and it sparks extraordinary results.",Non-Offensive
626,My heart is filled with joy at the sound of your good news. Best of luck to you dear friend.,Non-Offensive
627,"VeronikaHumbert: Ultraviolence video, its coming you little bitch! MTVHottest Lana Del Rey bitchy promo",Offensive
628,The best way to predict the future is to created it.,Non-Offensive
629,"A little smile, a word of cheer, a bit of love from someone near, a little gift from one held dear, best wishes for the coming year. These make a merry Christmas.",Non-Offensive
630,If you talk back to me you ain't getting no pussy Me: ,Offensive
631,"There are no limits to what you can accomplish, except the limits you place on your own thinking.",Non-Offensive
632,Selling my soul for material wishes: fast cars and bitches Tupac smile remix,Offensive
633,She's from Florida so you've got to do the sniff test in those sw pussies,Offensive
634,iCrawley: I could never have a bby by a lil dick Thts y I got a abortion by the last bitch- oh My God,Offensive
635,"Hope your burdens are feeling lighter, and each day is a little bit brighter.",Non-Offensive
636,Be prepared for any kind of tasks every time. Always believe in yourself. If you follow these two things then you will surely get success in every field of life. I hope that you win each task and you have a very happy life. Have a best of luck in all your life.,Non-Offensive
637,"And heres wishing you the very best for all the new ventures, that life has in store for you.",Non-Offensive
638,YunGMiGo: Shane_A1 cinco shit harder fucc niggayee but you fucc wit rich homie cuz dats ya homeboy fucc nicca,Offensive
639,"To be successful in sales today, its imperative to drop your sales mentality and start working with your prospects as if they already hired you.",Non-Offensive
640,Like... correct me if I'm wrong but... Doesn't pimpin involve 'smackin bitches for money'?,Offensive
641,"Keep your best wishes, close to your heart and watch what happens.",Non-Offensive
642,The way in which you approach a challenge is exemplary. May you make it happen. Good Luck.,Non-Offensive
643, Murda Gang bitch its Gang Land ,Offensive
644,alexissixela__: white_thunduh: I legit watched it for about 30 or 40 seconds SO DID I WTF prob cause were retarded smh,Offensive
645,Strap__: I ain't sharing no bitch if you mines you mines,Offensive
646,You are so much more than what you are going through,Non-Offensive
647,Two things define you. Your patience when you have nothing and your attitude when you have everything.,Non-Offensive
648,"Everyday might not be good, but there is good in everyday.",Non-Offensive
649,You have worked incredibly hard. Good luck. We are proud of you.,Non-Offensive
650,ozzie_garza: white_thunduh I'm about to cool faggot chill tf is cool nigga,Offensive
651,"How you doing, crazy bitch? is hilarious!",Offensive
652,Your attitude is an expression of your values beliefs and expectations.,Non-Offensive
653,Be thankful for everything that happens in your life. Its all an experience.,Non-Offensive
654,Fresh nigga so you kno I need a clean bitch... Who kno I'm working cuz I wanna see my team rich.,Offensive
655,"The positive thinker sees the invisible, feels the intangible, and achieves the impossible",Non-Offensive
656,Optimist. Someone who isnt sure whether life is a tragedy or a comedy but is tickled silly just to be in the play.,Non-Offensive
657,New Flame the song of the yr lol that bitch SUPER run like,Offensive
658,!!!!selfiequeenbri: cause I'm tired of you big bitches coming for us skinny girls!!,Offensive
659,"Even if you are on the right track, youll get run over if you just sit there.",Non-Offensive
660,"May you get all your wishes but one, so you always have something to strive for.",Non-Offensive
661,"Life goes on. Whether you choose to move on and take a change in the unknown. Or stay behind, locked in the past thinking of couldve been.",Non-Offensive
662,sniffsockslad: Need these sox fuck yeah. I love a kinky scally lad w rank sox and sneaks,Offensive
663,"Life isnt about finding yourself, it is about creating yourself.",Non-Offensive
664,midyWIDEY_: I'm rea start smacking bitches period ! Bluffin at its best,Offensive
665,"When the well is dry, we know the worth of water.",Non-Offensive
666,"We are all broken, thats how light gets in.",Non-Offensive
667,Start wherever you are and start small. All the best.,Non-Offensive
668,michelle_westt: Facts POONsoaker: Only the dudes with hoes say they don't got hoes J_Austin12,Offensive
669,"If you want to be successful in this world, you have to follow your passion, not a paycheck.",Non-Offensive
670,thejudyann: annoying bitch that I love JUDYANN'S SO PRETTY!!!!!,Offensive
671,Get me that shit bitch you is fine bear,Offensive
672,thotmouths: Lmao bitch got on some huggies,Offensive
673,How dare you settle for less when the world has made it so easy for you to be remarkable.,Non-Offensive
674,jasmyncyniquee: white_thunduh k bye hoe um bye ..,Offensive
675,Searching the incredible story of 1 white man's quest to find the ingredients necessary to make Caribbean Jerked Chicken in redneck land,Offensive
676,"Above all, Wawtch with glittering eyes the whole world around you. because the greatest secrets are always hidden in the most unlikely places. Those who dont believe in the magic will never find find it.",Non-Offensive
677,Be the reason someone smiles. Be the reason someone feels loved and believes in the goodness in people.,Non-Offensive
678,"Whatever your situation might be, set your mind to whatever you want to do and put a good attitude in it and believe that you can succeed.",Non-Offensive
679,Do not wait until the conditions are perfect to begin. Beginning makes the conditions perfect.,Non-Offensive
680,irlfatty: my pussy sweet like watermelon Thotermelon,Offensive
681, hoe what its hitting for ,Offensive
682,"As I get, I give. Giving as you get is critical. It has everything to do with being happy for yourself and making others happy is the cause of making yourself happy, and its the cycle of giving and getting.",Non-Offensive
683,"I don't love these hoes, baby It's me and you forever",Offensive
684,TheRealRickyB21: JetsAndASwisher faggot bitch,Offensive
685,It takes but one positive thought when given a chance to survive and thrive to overpower an entire army of negative thoughts.,Non-Offensive
686,My twitter was hacked = I'm too pussy to admit that I said it and now I want to act like I never said it.,Offensive
687,I call him my bitch MaKennaM_,Offensive
688,Wealth isnt about having a lot of money it is about having a lot of options.If you are working on something exciting that you really care about you dont have to be pushed. The vision pulls you.,Non-Offensive
689,"I wish I had it in my power to furnish you with accommodation I should feel proud to do it, shall be happy to hear from you at anytime when you engagements will allow you an hour and remain with best wishes for yourself, family and circuit.",Non-Offensive
690,"allisonnamaya_: What should I name my cat, ideas? Mr pussy",Offensive
691, im done with bitter bitches its a wrap for that . if you a angry bird theres a app for that ,Offensive
692,jboii2: ima keep on giving these pussy ass niggas ah reason to hate !,Offensive
693,"Well bitch, biology said",Offensive
694,And in today already walks tomorrow.,Non-Offensive
695,queendulaaa: Got a couple bitches saying they know me But ma let the money talk for me AND I'M LIKE... WWYD,Offensive
696,We aim above the mark to hit the mark,Non-Offensive
697,__Sugga: There's a lane some bitches need to stay in  the left n get right the fuck outta our face,Offensive
698,You may have to fight a battle more than once to win it.,Non-Offensive
699,Go confidently in the direction of your dreams. Live the life you have imagined.,Non-Offensive
